"timestamp","query"
"2025-05-03T13:40:14.100611","i want to start my own business of a frozen fruits 
How do i start it
and where do i start from "
"2025-05-03T13:41:12.404942","are there any govt schemes that could be of use to me 
i am female "
"2025-05-03T13:41:35.906877","can u please state the particular schemes"
"2025-05-03T14:23:53.740073","90ba63db-c4d5-43b0-a58d-ec1b4bac001c","How do I complete Udyam Registration?"
"2025-05-03T14:26:04.678765","90ba63db-c4d5-43b0-a58d-ec1b4bac001c","how to register my company and get gst number"
"2025-05-03T14:26:59.141760","90ba63db-c4d5-43b0-a58d-ec1b4bac001c","how to check for available company name 
and also get trademark"
"2025-05-03T14:28:09.679108","dawd"
"2025-05-03T14:28:14.710548","What are the common MSME Finance Options?"
